category,count,revenue,avg
Smartphones,777442,52730831827.42,67826.0652594277
Laptops,82957,8823999833.56,106368.35750521354
Tablets,66087,4783054557.18,72375.12002632894
Smart Watches,70135,3017116455.9,43018.699021886365
TV & Entertainment,15480,1805493523.3,116633.94853359173
Audio,47615,1045270336.27,21952.543027827363
